1,6,2017-10-20 05:47:42
2,11,2017-10-20 05:47:42
3,6,2017-10-20 05:47:42
4,11,2017-10-20 05:47:42
5,8,2017-10-20 05:47:42
6,9,2017-10-20 05:47:42
7,5,2017-10-20 05:47:42
8,11,2017-10-20 05:47:42
9,11,2017-10-20 05:47:42
10,15,2017-10-20 05:47:42
11,9,2017-10-20 05:47:42
12,12,2017-10-20 05:47:42
13,11,2017-10-20 05:47:42
14,4,2017-10-20 05:47:42
15,9,2017-10-20 05:47:42
16,9,2017-10-20 05:47:42
17,12,2017-10-20 05:47:42
18,2,2017-10-20 05:47:42
19,1,2017-10-20 05:47:42
20,12,2017-10-20 05:47:42
21,1,2017-10-20 05:47:42
22,13,2017-10-20 05:47:42
23,2,2017-10-20 05:47:42
24,11,2017-10-20 05:47:42
25,13,2017-10-20 05:47:42
26,14,2017-10-20 05:47:42
27,15,2017-10-20 05:47:42
28,5,2017-10-20 05:47:42
29,1,2017-10-20 05:47:42
30,11,2017-10-20 05:47:42
31,8,2017-10-20 05:47:42
32,13,2017-10-20 05:47:42
33,7,2017-10-20 05:47:42
34,11,2017-10-20 05:47:42
35,11,2017-10-20 05:47:42
36,2,2017-10-20 05:47:42
37,4,2017-10-20 05:47:42
38,1,2017-10-20 05:47:42
39,14,2017-10-20 05:47:42
40,6,2017-10-20 05:47:42
41,16,2017-10-20 05:47:42
42,15,2017-10-20 05:47:42
43,8,2017-10-20 05:47:42
44,14,2017-10-20 05:47:42
45,13,2017-10-20 05:47:42
46,10,2017-10-20 05:47:42
47,9,2017-10-20 05:47:42
48,3,2017-10-20 05:47:42
49,14,2017-10-20 05:47:42
50,8,2017-10-20 05:47:42
51,12,2017-10-20 05:47:42
52,9,2017-10-20 05:47:42
53,8,2017-10-20 05:47:42
54,12,2017-10-20 05:47:42
55,14,2017-10-20 05:47:42
56,1,2017-10-20 05:47:42
57,16,2017-10-20 05:47:42
58,6,2017-10-20 05:47:42
59,3,2017-10-20 05:47:42
60,4,2017-10-20 05:47:42
61,7,2017-10-20 05:47:42
62,6,2017-10-20 05:47:42
63,8,2017-10-20 05:47:42
64,7,2017-10-20 05:47:42
65,11,2017-10-20 05:47:42
66,3,2017-10-20 05:47:42
67,1,2017-10-20 05:47:42
68,3,2017-10-20 05:47:42
69,14,2017-10-20 05:47:42
70,2,2017-10-20 05:47:42
71,8,2017-10-20 05:47:42
72,6,2017-10-20 05:47:42
73,14,2017-10-20 05:47:42
74,12,2017-10-20 05:47:42
75,16,2017-10-20 05:47:42
76,12,2017-10-20 05:47:42
77,13,2017-10-20 05:47:42
78,2,2017-10-20 05:47:42
79,7,2017-10-20 05:47:42
80,8,2017-10-20 05:47:42
81,14,2017-10-20 05:47:42
82,8,2017-10-20 05:47:42
83,8,2017-10-20 05:47:42
84,16,2017-10-20 05:47:42
85,6,2017-10-20 05:47:42
86,12,2017-10-20 05:47:42
87,16,2017-10-20 05:47:42
88,16,2017-10-20 05:47:42
89,2,2017-10-20 05:47:42
90,13,2017-10-20 05:47:42
91,4,2017-10-20 05:47:42
92,11,2017-10-20 05:47:42
93,13,2017-10-20 05:47:42
94,8,2017-10-20 05:47:42
95,13,2017-10-20 05:47:42
96,13,2017-10-20 05:47:42
97,1,2017-10-20 05:47:42
98,7,2017-10-20 05:47:42
99,5,2017-10-20 05:47:42
100,9,2017-10-20 05:47:42
101,6,2017-10-20 05:47:42
102,15,2017-10-20 05:47:42
103,16,2017-10-20 05:47:42
104,9,2017-10-20 05:47:42
105,1,2017-10-20 05:47:42
106,10,2017-10-20 05:47:42
107,7,2017-10-20 05:47:42
108,13,2017-10-20 05:47:42
109,13,2017-10-20 05:47:42
110,3,2017-10-20 05:47:42
111,1,2017-10-20 05:47:42
112,9,2017-10-20 05:47:42
113,15,2017-10-20 05:47:42
114,14,2017-10-20 05:47:42
115,1,2017-10-20 05:47:42
116,4,2017-10-20 05:47:42
117,10,2017-10-20 05:47:42
118,2,2017-10-20 05:47:42
119,5,2017-10-20 05:47:42
120,15,2017-10-20 05:47:42
121,2,2017-10-20 05:47:42
122,11,2017-10-20 05:47:42
123,16,2017-10-20 05:47:42
124,3,2017-10-20 05:47:42
125,16,2017-10-20 05:47:42
126,1,2017-10-20 05:47:42
127,5,2017-10-20 05:47:42
128,9,2017-10-20 05:47:42
129,6,2017-10-20 05:47:42
130,1,2017-10-20 05:47:42
131,4,2017-10-20 05:47:42
132,14,2017-10-20 05:47:42
133,12,2017-10-20 05:47:42
134,2,2017-10-20 05:47:42
135,15,2017-10-20 05:47:42
136,13,2017-10-20 05:47:42
137,14,2017-10-20 05:47:42
138,14,2017-10-20 05:47:42
139,8,2017-10-20 05:47:42
140,14,2017-10-20 05:47:42
141,10,2017-10-20 05:47:42
142,6,2017-10-20 05:47:42
143,7,2017-10-20 05:47:42
144,13,2017-10-20 05:47:42
145,8,2017-10-20 05:47:42
146,7,2017-10-20 05:47:42
147,8,2017-10-20 05:47:42
148,9,2017-10-20 05:47:42
149,3,2017-10-20 05:47:42
150,6,2017-10-20 05:47:42
151,14,2017-10-20 05:47:42
152,3,2017-10-20 05:47:42
153,14,2017-10-20 05:47:42
154,2,2017-10-20 05:47:42
155,13,2017-10-20 05:47:42
156,6,2017-10-20 05:47:42
157,3,2017-10-20 05:47:42
158,12,2017-10-20 05:47:42
159,5,2017-10-20 05:47:42
160,2,2017-10-20 05:47:42
161,12,2017-10-20 05:47:42
162,1,2017-10-20 05:47:42
163,13,2017-10-20 05:47:42
164,6,2017-10-20 05:47:42
165,14,2017-10-20 05:47:42
166,4,2017-10-20 05:47:42
167,16,2017-10-20 05:47:42
168,3,2017-10-20 05:47:42
169,16,2017-10-20 05:47:42
170,9,2017-10-20 05:47:42
171,11,2017-10-20 05:47:42
172,7,2017-10-20 05:47:42
173,7,2017-10-20 05:47:42
174,12,2017-10-20 05:47:42
175,8,2017-10-20 05:47:42
176,15,2017-10-20 05:47:42
177,14,2017-10-20 05:47:42
178,5,2017-10-20 05:47:42
179,7,2017-10-20 05:47:42
180,4,2017-10-20 05:47:42
181,16,2017-10-20 05:47:42
182,5,2017-10-20 05:47:42
183,8,2017-10-20 05:47:42
184,4,2017-10-20 05:47:42
185,9,2017-10-20 05:47:42
186,7,2017-10-20 05:47:42
187,15,2017-10-20 05:47:42
188,5,2017-10-20 05:47:42
189,10,2017-10-20 05:47:42
190,4,2017-10-20 05:47:42
191,3,2017-10-20 05:47:42
192,9,2017-10-20 05:47:42
193,2,2017-10-20 05:47:42
194,1,2017-10-20 05:47:42
195,14,2017-10-20 05:47:42
196,4,2017-10-20 05:47:42
197,15,2017-10-20 05:47:42
198,9,2017-10-20 05:47:42
199,6,2017-10-20 05:47:42
200,10,2017-10-20 05:47:42
201,9,2017-10-20 05:47:42
202,5,2017-10-20 05:47:42
203,14,2017-10-20 05:47:42
204,7,2017-10-20 05:47:42
205,1,2017-10-20 05:47:42
206,6,2017-10-20 05:47:42
207,9,2017-10-20 05:47:42
208,2,2017-10-20 05:47:42
209,7,2017-10-20 05:47:42
210,1,2017-10-20 05:47:42
211,10,2017-10-20 05:47:42
212,1,2017-10-20 05:47:42
213,8,2017-10-20 05:47:42
214,3,2017-10-20 05:47:42
215,10,2017-10-20 05:47:42
216,13,2017-10-20 05:47:42
217,10,2017-10-20 05:47:42
218,7,2017-10-20 05:47:42
219,6,2017-10-20 05:47:42
220,12,2017-10-20 05:47:42
221,6,2017-10-20 05:47:42
222,11,2017-10-20 05:47:42
223,2,2017-10-20 05:47:42
224,16,2017-10-20 05:47:42
225,7,2017-10-20 05:47:42
226,13,2017-10-20 05:47:42
227,10,2017-10-20 05:47:42
228,4,2017-10-20 05:47:42
229,1,2017-10-20 05:47:42
230,7,2017-10-20 05:47:42
231,8,2017-10-20 05:47:42
232,10,2017-10-20 05:47:42
233,16,2017-10-20 05:47:42
234,14,2017-10-20 05:47:42
235,14,2017-10-20 05:47:42
236,10,2017-10-20 05:47:42
237,15,2017-10-20 05:47:42
238,3,2017-10-20 05:47:42
239,2,2017-10-20 05:47:42
240,14,2017-10-20 05:47:42
241,2,2017-10-20 05:47:42
242,5,2017-10-20 05:47:42
243,2,2017-10-20 05:47:42
244,12,2017-10-20 05:47:42
245,2,2017-10-20 05:47:42
246,9,2017-10-20 05:47:42
247,5,2017-10-20 05:47:42
248,6,2017-10-20 05:47:42
249,4,2017-10-20 05:47:42
250,1,2017-10-20 05:47:42
251,13,2017-10-20 05:47:42
252,1,2017-10-20 05:47:42
253,1,2017-10-20 05:47:42
254,15,2017-10-20 05:47:42
255,12,2017-10-20 05:47:42
256,15,2017-10-20 05:47:42
257,16,2017-10-20 05:47:42
258,11,2017-10-20 05:47:42
259,2,2017-10-20 05:47:42
260,15,2017-10-20 05:47:42
261,6,2017-10-20 05:47:42
262,8,2017-10-20 05:47:42
263,15,2017-10-20 05:47:42
264,10,2017-10-20 05:47:42
265,5,2017-10-20 05:47:42
266,4,2017-10-20 05:47:42
267,13,2017-10-20 05:47:42
268,2,2017-10-20 05:47:42
269,8,2017-10-20 05:47:42
270,13,2017-10-20 05:47:42
271,1,2017-10-20 05:47:42
272,7,2017-10-20 05:47:42
273,8,2017-10-20 05:47:42
274,6,2017-10-20 05:47:42
275,11,2017-10-20 05:47:42
276,5,2017-10-20 05:47:42
277,11,2017-10-20 05:47:42
278,12,2017-10-20 05:47:42
279,15,2017-10-20 05:47:42
280,3,2017-10-20 05:47:42
281,10,2017-10-20 05:47:42
282,7,2017-10-20 05:47:42
283,13,2017-10-20 05:47:42
284,12,2017-10-20 05:47:42
285,14,2017-10-20 05:47:42
286,16,2017-10-20 05:47:42
287,1,2017-10-20 05:47:42
288,16,2017-10-20 05:47:42
289,13,2017-10-20 05:47:42
290,9,2017-10-20 05:47:42
291,15,2017-10-20 05:47:42
292,1,2017-10-20 05:47:42
293,15,2017-10-20 05:47:42
294,16,2017-10-20 05:47:42
295,6,2017-10-20 05:47:42
296,14,2017-10-20 05:47:42
297,4,2017-10-20 05:47:42
298,14,2017-10-20 05:47:42
299,16,2017-10-20 05:47:42
300,2,2017-10-20 05:47:42
301,11,2017-10-20 05:47:42
302,10,2017-10-20 05:47:42
303,1,2017-10-20 05:47:42
304,3,2017-10-20 05:47:42
305,13,2017-10-20 05:47:42
306,10,2017-10-20 05:47:42
307,16,2017-10-20 05:47:42
308,5,2017-10-20 05:47:42
309,8,2017-10-20 05:47:42
310,10,2017-10-20 05:47:42
311,9,2017-10-20 05:47:42
312,14,2017-10-20 05:47:42
313,11,2017-10-20 05:47:42
314,2,2017-10-20 05:47:42
315,8,2017-10-20 05:47:42
316,10,2017-10-20 05:47:42
317,5,2017-10-20 05:47:42
318,1,2017-10-20 05:47:42
319,14,2017-10-20 05:47:42
320,13,2017-10-20 05:47:42
321,13,2017-10-20 05:47:42
322,15,2017-10-20 05:47:42
323,15,2017-10-20 05:47:42
324,5,2017-10-20 05:47:42
325,2,2017-10-20 05:47:42
326,2,2017-10-20 05:47:42
327,1,2017-10-20 05:47:42
328,3,2017-10-20 05:47:42
329,1,2017-10-20 05:47:42
330,2,2017-10-20 05:47:42
331,10,2017-10-20 05:47:42
332,5,2017-10-20 05:47:42
333,12,2017-10-20 05:47:42
334,11,2017-10-20 05:47:42
335,5,2017-10-20 05:47:42
336,6,2017-10-20 05:47:42
337,9,2017-10-20 05:47:42
338,14,2017-10-20 05:47:42
339,16,2017-10-20 05:47:42
340,13,2017-10-20 05:47:42
341,4,2017-10-20 05:47:42
342,16,2017-10-20 05:47:42
343,3,2017-10-20 05:47:42
344,3,2017-10-20 05:47:42
345,8,2017-10-20 05:47:42
346,4,2017-10-20 05:47:42
347,16,2017-10-20 05:47:42
348,8,2017-10-20 05:47:42
349,2,2017-10-20 05:47:42
350,14,2017-10-20 05:47:42
351,11,2017-10-20 05:47:42
352,10,2017-10-20 05:47:42
353,9,2017-10-20 05:47:42
354,3,2017-10-20 05:47:42
355,2,2017-10-20 05:47:42
356,3,2017-10-20 05:47:42
357,4,2017-10-20 05:47:42
358,4,2017-10-20 05:47:42
359,8,2017-10-20 05:47:42
360,1,2017-10-20 05:47:42
361,15,2017-10-20 05:47:42
362,10,2017-10-20 05:47:42
363,12,2017-10-20 05:47:42
364,13,2017-10-20 05:47:42
365,5,2017-10-20 05:47:42
366,7,2017-10-20 05:47:42
367,14,2017-10-20 05:47:42
368,7,2017-10-20 05:47:42
369,14,2017-10-20 05:47:42
370,3,2017-10-20 05:47:42
371,1,2017-10-20 05:47:42
372,15,2017-10-20 05:47:42
373,3,2017-10-20 05:47:42
374,14,2017-10-20 05:47:42
375,1,2017-10-20 05:47:42
376,9,2017-10-20 05:47:42
377,8,2017-10-20 05:47:42
378,12,2017-10-20 05:47:42
379,7,2017-10-20 05:47:42
380,9,2017-10-20 05:47:42
381,10,2017-10-20 05:47:42
382,10,2017-10-20 05:47:42
383,15,2017-10-20 05:47:42
384,12,2017-10-20 05:47:42
385,5,2017-10-20 05:47:42
386,16,2017-10-20 05:47:42
387,10,2017-10-20 05:47:42
388,5,2017-10-20 05:47:42
389,15,2017-10-20 05:47:42
390,14,2017-10-20 05:47:42
391,8,2017-10-20 05:47:42
392,3,2017-10-20 05:47:42
393,6,2017-10-20 05:47:42
394,14,2017-10-20 05:47:42
395,1,2017-10-20 05:47:42
396,7,2017-10-20 05:47:42
397,14,2017-10-20 05:47:42
398,12,2017-10-20 05:47:42
399,9,2017-10-20 05:47:42
400,6,2017-10-20 05:47:42
401,7,2017-10-20 05:47:42
402,2,2017-10-20 05:47:42
403,7,2017-10-20 05:47:42
404,5,2017-10-20 05:47:42
405,16,2017-10-20 05:47:42
406,10,2017-10-20 05:47:42
407,6,2017-10-20 05:47:42
408,10,2017-10-20 05:47:42
409,3,2017-10-20 05:47:42
410,5,2017-10-20 05:47:42
411,12,2017-10-20 05:47:42
412,6,2017-10-20 05:47:42
413,5,2017-10-20 05:47:42
414,9,2017-10-20 05:47:42
415,11,2017-10-20 05:47:42
416,9,2017-10-20 05:47:42
417,1,2017-10-20 05:47:42
418,7,2017-10-20 05:47:42
419,8,2017-10-20 05:47:42
420,15,2017-10-20 05:47:42
421,9,2017-10-20 05:47:42
422,14,2017-10-20 05:47:42
423,3,2017-10-20 05:47:42
424,3,2017-10-20 05:47:42
425,4,2017-10-20 05:47:42
426,12,2017-10-20 05:47:42
427,6,2017-10-20 05:47:42
428,8,2017-10-20 05:47:42
429,15,2017-10-20 05:47:42
430,2,2017-10-20 05:47:42
431,9,2017-10-20 05:47:42
432,4,2017-10-20 05:47:42
433,2,2017-10-20 05:47:42
434,16,2017-10-20 05:47:42
435,9,2017-10-20 05:47:42
436,13,2017-10-20 05:47:42
437,8,2017-10-20 05:47:42
438,10,2017-10-20 05:47:42
439,7,2017-10-20 05:47:42
440,9,2017-10-20 05:47:42
441,6,2017-10-20 05:47:42
442,8,2017-10-20 05:47:42
443,5,2017-10-20 05:47:42
444,5,2017-10-20 05:47:42
445,4,2017-10-20 05:47:42
446,15,2017-10-20 05:47:42
447,10,2017-10-20 05:47:42
448,13,2017-10-20 05:47:42
449,14,2017-10-20 05:47:42
450,3,2017-10-20 05:47:42
451,16,2017-10-20 05:47:42
452,9,2017-10-20 05:47:42
453,15,2017-10-20 05:47:42
454,12,2017-10-20 05:47:42
455,9,2017-10-20 05:47:42
456,2,2017-10-20 05:47:42
457,6,2017-10-20 05:47:42
458,8,2017-10-20 05:47:42
459,9,2017-10-20 05:47:42
460,9,2017-10-20 05:47:42
461,2,2017-10-20 05:47:42
462,12,2017-10-20 05:47:42
463,15,2017-10-20 05:47:42
464,2,2017-10-20 05:47:42
465,13,2017-10-20 05:47:42
466,6,2017-10-20 05:47:42
467,9,2017-10-20 05:47:42
468,3,2017-10-20 05:47:42
469,4,2017-10-20 05:47:42
470,2,2017-10-20 05:47:42
471,4,2017-10-20 05:47:42
472,16,2017-10-20 05:47:42
473,7,2017-10-20 05:47:42
474,15,2017-10-20 05:47:42
475,11,2017-10-20 05:47:42
476,8,2017-10-20 05:47:42
477,12,2017-10-20 05:47:42
478,5,2017-10-20 05:47:42
479,8,2017-10-20 05:47:42
480,4,2017-10-20 05:47:42
481,13,2017-10-20 05:47:42
482,4,2017-10-20 05:47:42
483,10,2017-10-20 05:47:42
484,4,2017-10-20 05:47:42
485,3,2017-10-20 05:47:42
486,9,2017-10-20 05:47:42
487,4,2017-10-20 05:47:42
488,15,2017-10-20 05:47:42
489,2,2017-10-20 05:47:42
490,13,2017-10-20 05:47:42
491,3,2017-10-20 05:47:42
492,13,2017-10-20 05:47:42
493,9,2017-10-20 05:47:42
494,11,2017-10-20 05:47:42
495,11,2017-10-20 05:47:42
496,16,2017-10-20 05:47:42
497,6,2017-10-20 05:47:42
498,8,2017-10-20 05:47:42
499,8,2017-10-20 05:47:42
500,9,2017-10-20 05:47:42
501,1,2017-10-20 05:47:42
502,5,2017-10-20 05:47:42
503,15,2017-10-20 05:47:42
504,7,2017-10-20 05:47:42
505,3,2017-10-20 05:47:42
506,11,2017-10-20 05:47:42
507,10,2017-10-20 05:47:42
508,10,2017-10-20 05:47:42
509,3,2017-10-20 05:47:42
510,2,2017-10-20 05:47:42
511,1,2017-10-20 05:47:42
512,4,2017-10-20 05:47:42
513,16,2017-10-20 05:47:42
514,7,2017-10-20 05:47:42
515,3,2017-10-20 05:47:42
516,12,2017-10-20 05:47:42
517,15,2017-10-20 05:47:42
518,16,2017-10-20 05:47:42
519,15,2017-10-20 05:47:42
520,14,2017-10-20 05:47:42
521,7,2017-10-20 05:47:42
522,5,2017-10-20 05:47:42
523,4,2017-10-20 05:47:42
524,5,2017-10-20 05:47:42
525,4,2017-10-20 05:47:42
526,16,2017-10-20 05:47:42
527,11,2017-10-20 05:47:42
528,8,2017-10-20 05:47:42
529,5,2017-10-20 05:47:42
530,1,2017-10-20 05:47:42
531,9,2017-10-20 05:47:42
532,15,2017-10-20 05:47:42
533,9,2017-10-20 05:47:42
534,8,2017-10-20 05:47:42
535,11,2017-10-20 05:47:42
536,4,2017-10-20 05:47:42
537,4,2017-10-20 05:47:42
538,13,2017-10-20 05:47:42
539,7,2017-10-20 05:47:42
540,12,2017-10-20 05:47:42
541,2,2017-10-20 05:47:42
542,1,2017-10-20 05:47:42
543,16,2017-10-20 05:47:42
544,6,2017-10-20 05:47:42
545,9,2017-10-20 05:47:42
546,10,2017-10-20 05:47:42
547,3,2017-10-20 05:47:42
548,4,2017-10-20 05:47:42
549,1,2017-10-20 05:47:42
550,8,2017-10-20 05:47:42
551,13,2017-10-20 05:47:42
552,6,2017-10-20 05:47:42
553,3,2017-10-20 05:47:42
554,4,2017-10-20 05:47:42
555,5,2017-10-20 05:47:42
556,10,2017-10-20 05:47:42
557,8,2017-10-20 05:47:42
558,13,2017-10-20 05:47:42
559,14,2017-10-20 05:47:42
560,10,2017-10-20 05:47:42
561,13,2017-10-20 05:47:42
562,12,2017-10-20 05:47:42
563,10,2017-10-20 05:47:42
564,2,2017-10-20 05:47:42
565,9,2017-10-20 05:47:42
566,9,2017-10-20 05:47:42
567,9,2017-10-20 05:47:42
568,5,2017-10-20 05:47:42
569,2,2017-10-20 05:47:42
570,15,2017-10-20 05:47:42
571,6,2017-10-20 05:47:42
572,14,2017-10-20 05:47:42
573,3,2017-10-20 05:47:42
574,1,2017-10-20 05:47:42
575,6,2017-10-20 05:47:42
576,6,2017-10-20 05:47:42
577,15,2017-10-20 05:47:42
578,4,2017-10-20 05:47:42
579,1,2017-10-20 05:47:42
580,13,2017-10-20 05:47:42
581,12,2017-10-20 05:47:42
582,2,2017-10-20 05:47:42
583,2,2017-10-20 05:47:42
584,9,2017-10-20 05:47:42
585,7,2017-10-20 05:47:42
586,1,2017-10-20 05:47:42
587,6,2017-10-20 05:47:42
588,3,2017-10-20 05:47:42
589,6,2017-10-20 05:47:42
590,13,2017-10-20 05:47:42
591,10,2017-10-20 05:47:42
592,12,2017-10-20 05:47:42
593,11,2017-10-20 05:47:42
594,1,2017-10-20 05:47:42
595,9,2017-10-20 05:47:42
596,10,2017-10-20 05:47:42
597,10,2017-10-20 05:47:42
598,15,2017-10-20 05:47:42
599,15,2017-10-20 05:47:42
600,11,2017-10-20 05:47:42
601,16,2017-10-20 05:47:42
602,14,2017-10-20 05:47:42
603,8,2017-10-20 05:47:42
604,5,2017-10-20 05:47:42
605,9,2017-10-20 05:47:42
606,15,2017-10-20 05:47:42
607,9,2017-10-20 05:47:42
608,3,2017-10-20 05:47:42
609,16,2017-10-20 05:47:42
610,8,2017-10-20 05:47:42
611,4,2017-10-20 05:47:42
612,15,2017-10-20 05:47:42
613,5,2017-10-20 05:47:42
614,10,2017-10-20 05:47:42
615,2,2017-10-20 05:47:42
616,6,2017-10-20 05:47:42
617,8,2017-10-20 05:47:42
618,7,2017-10-20 05:47:42
619,15,2017-10-20 05:47:42
620,14,2017-10-20 05:47:42
621,8,2017-10-20 05:47:42
622,6,2017-10-20 05:47:42
623,9,2017-10-20 05:47:42
624,10,2017-10-20 05:47:42
625,14,2017-10-20 05:47:42
626,3,2017-10-20 05:47:42
627,6,2017-10-20 05:47:42
628,15,2017-10-20 05:47:42
629,6,2017-10-20 05:47:42
630,7,2017-10-20 05:47:42
631,15,2017-10-20 05:47:42
632,13,2017-10-20 05:47:42
633,4,2017-10-20 05:47:42
634,8,2017-10-20 05:47:42
635,13,2017-10-20 05:47:42
636,12,2017-10-20 05:47:42
637,14,2017-10-20 05:47:42
638,5,2017-10-20 05:47:42
639,8,2017-10-20 05:47:42
640,9,2017-10-20 05:47:42
641,9,2017-10-20 05:47:42
642,16,2017-10-20 05:47:42
643,7,2017-10-20 05:47:42
644,2,2017-10-20 05:47:42
645,16,2017-10-20 05:47:42
646,10,2017-10-20 05:47:42
647,12,2017-10-20 05:47:42
648,16,2017-10-20 05:47:42
649,2,2017-10-20 05:47:42
650,6,2017-10-20 05:47:42
651,2,2017-10-20 05:47:42
652,4,2017-10-20 05:47:42
653,11,2017-10-20 05:47:42
654,10,2017-10-20 05:47:42
655,14,2017-10-20 05:47:42
656,16,2017-10-20 05:47:42
657,5,2017-10-20 05:47:42
658,11,2017-10-20 05:47:42
659,1,2017-10-20 05:47:42
660,5,2017-10-20 05:47:42
661,9,2017-10-20 05:47:42
662,7,2017-10-20 05:47:42
663,4,2017-10-20 05:47:42
664,1,2017-10-20 05:47:42
665,11,2017-10-20 05:47:42
666,7,2017-10-20 05:47:42
667,15,2017-10-20 05:47:42
668,15,2017-10-20 05:47:42
669,9,2017-10-20 05:47:42
670,6,2017-10-20 05:47:42
671,15,2017-10-20 05:47:42
672,5,2017-10-20 05:47:42
673,12,2017-10-20 05:47:42
674,9,2017-10-20 05:47:42
675,13,2017-10-20 05:47:42
676,15,2017-10-20 05:47:42
677,13,2017-10-20 05:47:42
678,15,2017-10-20 05:47:42
679,8,2017-10-20 05:47:42
680,5,2017-10-20 05:47:42
681,15,2017-10-20 05:47:42
682,8,2017-10-20 05:47:42
683,7,2017-10-20 05:47:42
684,10,2017-10-20 05:47:42
685,13,2017-10-20 05:47:42
686,13,2017-10-20 05:47:42
687,6,2017-10-20 05:47:42
688,3,2017-10-20 05:47:42
689,9,2017-10-20 05:47:42
690,2,2017-10-20 05:47:42
691,15,2017-10-20 05:47:42
692,2,2017-10-20 05:47:42
693,2,2017-10-20 05:47:42
694,4,2017-10-20 05:47:42
695,8,2017-10-20 05:47:42
696,2,2017-10-20 05:47:42
697,1,2017-10-20 05:47:42
698,6,2017-10-20 05:47:42
699,10,2017-10-20 05:47:42
700,8,2017-10-20 05:47:42
701,10,2017-10-20 05:47:42
702,11,2017-10-20 05:47:42
703,2,2017-10-20 05:47:42
704,5,2017-10-20 05:47:42
705,9,2017-10-20 05:47:42
706,7,2017-10-20 05:47:42
707,1,2017-10-20 05:47:42
708,6,2017-10-20 05:47:42
709,7,2017-10-20 05:47:42
710,8,2017-10-20 05:47:42
711,14,2017-10-20 05:47:42
712,6,2017-10-20 05:47:42
713,6,2017-10-20 05:47:42
714,14,2017-10-20 05:47:42
715,8,2017-10-20 05:47:42
716,11,2017-10-20 05:47:42
717,1,2017-10-20 05:47:42
718,12,2017-10-20 05:47:42
719,15,2017-10-20 05:47:42
720,13,2017-10-20 05:47:42
721,12,2017-10-20 05:47:42
722,11,2017-10-20 05:47:42
723,14,2017-10-20 05:47:42
724,8,2017-10-20 05:47:42
725,4,2017-10-20 05:47:42
726,9,2017-10-20 05:47:42
727,8,2017-10-20 05:47:42
728,7,2017-10-20 05:47:42
729,15,2017-10-20 05:47:42
730,13,2017-10-20 05:47:42
731,4,2017-10-20 05:47:42
732,1,2017-10-20 05:47:42
733,15,2017-10-20 05:47:42
734,6,2017-10-20 05:47:42
735,3,2017-10-20 05:47:42
736,8,2017-10-20 05:47:42
737,11,2017-10-20 05:47:42
738,9,2017-10-20 05:47:42
739,7,2017-10-20 05:47:42
740,11,2017-10-20 05:47:42
741,12,2017-10-20 05:47:42
742,10,2017-10-20 05:47:42
743,2,2017-10-20 05:47:42
744,4,2017-10-20 05:47:42
745,15,2017-10-20 05:47:42
746,10,2017-10-20 05:47:42
747,10,2017-10-20 05:47:42
748,1,2017-10-20 05:47:42
749,11,2017-10-20 05:47:42
750,13,2017-10-20 05:47:42
751,13,2017-10-20 05:47:42
752,12,2017-10-20 05:47:42
753,8,2017-10-20 05:47:42
754,5,2017-10-20 05:47:42
755,3,2017-10-20 05:47:42
756,5,2017-10-20 05:47:42
757,6,2017-10-20 05:47:42
758,7,2017-10-20 05:47:42
759,13,2017-10-20 05:47:42
760,13,2017-10-20 05:47:42
761,3,2017-10-20 05:47:42
762,10,2017-10-20 05:47:42
763,15,2017-10-20 05:47:42
764,15,2017-10-20 05:47:42
765,5,2017-10-20 05:47:42
766,7,2017-10-20 05:47:42
767,12,2017-10-20 05:47:42
768,3,2017-10-20 05:47:42
769,9,2017-10-20 05:47:42
770,9,2017-10-20 05:47:42
771,7,2017-10-20 05:47:42
772,7,2017-10-20 05:47:42
773,15,2017-10-20 05:47:42
774,5,2017-10-20 05:47:42
775,7,2017-10-20 05:47:42
776,6,2017-10-20 05:47:42
777,15,2017-10-20 05:47:42
778,8,2017-10-20 05:47:42
779,15,2017-10-20 05:47:42
780,8,2017-10-20 05:47:42
781,10,2017-10-20 05:47:42
782,15,2017-10-20 05:47:42
783,16,2017-10-20 05:47:42
784,16,2017-10-20 05:47:42
785,16,2017-10-20 05:47:42
786,3,2017-10-20 05:47:42
787,16,2017-10-20 05:47:42
788,6,2017-10-20 05:47:42
789,9,2017-10-20 05:47:42
790,7,2017-10-20 05:47:42
791,6,2017-10-20 05:47:42
792,9,2017-10-20 05:47:42
793,1,2017-10-20 05:47:42
794,1,2017-10-20 05:47:42
795,8,2017-10-20 05:47:42
796,15,2017-10-20 05:47:42
797,12,2017-10-20 05:47:42
798,14,2017-10-20 05:47:42
799,11,2017-10-20 05:47:42
800,11,2017-10-20 05:47:42
801,3,2017-10-20 05:47:42
802,1,2017-10-20 05:47:42
803,7,2017-10-20 05:47:42
804,11,2017-10-20 05:47:42
805,2,2017-10-20 05:47:42
806,13,2017-10-20 05:47:42
807,10,2017-10-20 05:47:42
808,4,2017-10-20 05:47:42
809,15,2017-10-20 05:47:42
810,8,2017-10-20 05:47:42
811,16,2017-10-20 05:47:42
812,6,2017-10-20 05:47:42
813,15,2017-10-20 05:47:42
814,5,2017-10-20 05:47:42
815,4,2017-10-20 05:47:42
816,2,2017-10-20 05:47:42
817,14,2017-10-20 05:47:42
818,7,2017-10-20 05:47:42
819,12,2017-10-20 05:47:42
820,2,2017-10-20 05:47:42
821,9,2017-10-20 05:47:42
822,8,2017-10-20 05:47:42
823,1,2017-10-20 05:47:42
824,8,2017-10-20 05:47:42
825,1,2017-10-20 05:47:42
826,16,2017-10-20 05:47:42
827,7,2017-10-20 05:47:42
828,4,2017-10-20 05:47:42
829,8,2017-10-20 05:47:42
830,11,2017-10-20 05:47:42
831,14,2017-10-20 05:47:42
832,8,2017-10-20 05:47:42
833,3,2017-10-20 05:47:42
834,6,2017-10-20 05:47:42
835,10,2017-10-20 05:47:42
836,15,2017-10-20 05:47:42
837,5,2017-10-20 05:47:42
838,1,2017-10-20 05:47:42
839,14,2017-10-20 05:47:42
840,10,2017-10-20 05:47:42
841,15,2017-10-20 05:47:42
842,10,2017-10-20 05:47:42
843,4,2017-10-20 05:47:42
844,15,2017-10-20 05:47:42
845,9,2017-10-20 05:47:42
846,13,2017-10-20 05:47:42
847,13,2017-10-20 05:47:42
848,16,2017-10-20 05:47:42
849,2,2017-10-20 05:47:42
850,1,2017-10-20 05:47:42
851,15,2017-10-20 05:47:42
852,3,2017-10-20 05:47:42
853,3,2017-10-20 05:47:42
854,11,2017-10-20 05:47:42
855,6,2017-10-20 05:47:42
856,11,2017-10-20 05:47:42
857,5,2017-10-20 05:47:42
858,5,2017-10-20 05:47:42
859,2,2017-10-20 05:47:42
860,14,2017-10-20 05:47:42
861,10,2017-10-20 05:47:42
862,4,2017-10-20 05:47:42
863,14,2017-10-20 05:47:42
864,3,2017-10-20 05:47:42
865,2,2017-10-20 05:47:42
866,8,2017-10-20 05:47:42
867,8,2017-10-20 05:47:42
868,16,2017-10-20 05:47:42
869,1,2017-10-20 05:47:42
870,11,2017-10-20 05:47:42
871,5,2017-10-20 05:47:42
872,16,2017-10-20 05:47:42
873,3,2017-10-20 05:47:42
874,4,2017-10-20 05:47:42
875,15,2017-10-20 05:47:42
876,11,2017-10-20 05:47:42
877,12,2017-10-20 05:47:42
878,16,2017-10-20 05:47:42
879,12,2017-10-20 05:47:42
880,2,2017-10-20 05:47:42
881,11,2017-10-20 05:47:42
882,7,2017-10-20 05:47:42
883,3,2017-10-20 05:47:42
884,12,2017-10-20 05:47:42
885,11,2017-10-20 05:47:42
886,2,2017-10-20 05:47:42
887,2,2017-10-20 05:47:42
888,6,2017-10-20 05:47:42
889,3,2017-10-20 05:47:42
890,15,2017-10-20 05:47:42
891,4,2017-10-20 05:47:42
892,2,2017-10-20 05:47:42
893,14,2017-10-20 05:47:42
894,16,2017-10-20 05:47:42
895,4,2017-10-20 05:47:42
896,3,2017-10-20 05:47:42
897,7,2017-10-20 05:47:42
898,15,2017-10-20 05:47:42
899,4,2017-10-20 05:47:42
900,9,2017-10-20 05:47:42
901,2,2017-10-20 05:47:42
902,15,2017-10-20 05:47:42
903,16,2017-10-20 05:47:42
904,11,2017-10-20 05:47:42
905,5,2017-10-20 05:47:42
906,5,2017-10-20 05:47:42
907,7,2017-10-20 05:47:42
908,9,2017-10-20 05:47:42
909,11,2017-10-20 05:47:42
910,7,2017-10-20 05:47:42
911,1,2017-10-20 05:47:42
912,14,2017-10-20 05:47:42
913,13,2017-10-20 05:47:42
914,16,2017-10-20 05:47:42
915,1,2017-10-20 05:47:42
916,2,2017-10-20 05:47:42
917,15,2017-10-20 05:47:42
918,3,2017-10-20 05:47:42
919,10,2017-10-20 05:47:42
920,13,2017-10-20 05:47:42
921,12,2017-10-20 05:47:42
922,11,2017-10-20 05:47:42
923,7,2017-10-20 05:47:42
924,14,2017-10-20 05:47:42
925,6,2017-10-20 05:47:42
926,6,2017-10-20 05:47:42
927,1,2017-10-20 05:47:42
928,3,2017-10-20 05:47:42
929,9,2017-10-20 05:47:42
930,14,2017-10-20 05:47:42
931,16,2017-10-20 05:47:42
932,5,2017-10-20 05:47:42
933,13,2017-10-20 05:47:42
934,10,2017-10-20 05:47:42
935,13,2017-10-20 05:47:42
936,12,2017-10-20 05:47:42
937,13,2017-10-20 05:47:42
938,5,2017-10-20 05:47:42
939,5,2017-10-20 05:47:42
940,15,2017-10-20 05:47:42
941,10,2017-10-20 05:47:42
942,7,2017-10-20 05:47:42
943,6,2017-10-20 05:47:42
944,7,2017-10-20 05:47:42
945,6,2017-10-20 05:47:42
946,8,2017-10-20 05:47:42
947,9,2017-10-20 05:47:42
948,13,2017-10-20 05:47:42
949,10,2017-10-20 05:47:42
950,4,2017-10-20 05:47:42
951,4,2017-10-20 05:47:42
952,6,2017-10-20 05:47:42
953,2,2017-10-20 05:47:42
954,13,2017-10-20 05:47:42
955,3,2017-10-20 05:47:42
956,10,2017-10-20 05:47:42
957,9,2017-10-20 05:47:42
958,7,2017-10-20 05:47:42
959,3,2017-10-20 05:47:42
960,6,2017-10-20 05:47:42
961,9,2017-10-20 05:47:42
962,4,2017-10-20 05:47:42
963,2,2017-10-20 05:47:42
964,1,2017-10-20 05:47:42
965,11,2017-10-20 05:47:42
966,6,2017-10-20 05:47:42
967,14,2017-10-20 05:47:42
968,1,2017-10-20 05:47:42
969,7,2017-10-20 05:47:42
970,4,2017-10-20 05:47:42
971,9,2017-10-20 05:47:42
972,14,2017-10-20 05:47:42
973,6,2017-10-20 05:47:42
974,13,2017-10-20 05:47:42
975,8,2017-10-20 05:47:42
976,10,2017-10-20 05:47:42
977,16,2017-10-20 05:47:42
978,5,2017-10-20 05:47:42
979,7,2017-10-20 05:47:42
980,12,2017-10-20 05:47:42
981,16,2017-10-20 05:47:42
982,1,2017-10-20 05:47:42
983,12,2017-10-20 05:47:42
984,9,2017-10-20 05:47:42
985,14,2017-10-20 05:47:42
986,2,2017-10-20 05:47:42
987,12,2017-10-20 05:47:42
988,16,2017-10-20 05:47:42
989,16,2017-10-20 05:47:42
990,11,2017-10-20 05:47:42
991,1,2017-10-20 05:47:42
992,6,2017-10-20 05:47:42
993,3,2017-10-20 05:47:42
994,13,2017-10-20 05:47:42
995,11,2017-10-20 05:47:42
996,6,2017-10-20 05:47:42
997,12,2017-10-20 05:47:42
998,11,2017-10-20 05:47:42
999,3,2017-10-20 05:47:42
1000,5,2017-10-20 05:47:42
